<keymap version="1" name="macOS copy" parent="Mac OS X 10.5+">
  <action id="AcceptDisplayedCompletion">
    <keyboard-shortcut first-keystroke="alt l" />
  </action>
  <action id="ActivateTerminalToolWindow">
    <keyboard-shortcut first-keystroke="alt 2" />
  </action>
  <action id="ChangesView.GroupBy.Directory" />
  <action id="EditorUp">
    <keyboard-shortcut first-keystroke="up" />
  </action>
  <action id="FileStructurePopup">
    <keyboard-shortcut first-keystroke="ctrl f12" />
  </action>
  <action id="FindNext" />
  <action id="GotoFile">
    <keyboard-shortcut first-keystroke="ctrl p" />
  </action>
  <action id="List-selectPreviousRow">
    <keyboard-shortcut first-keystroke="up" />
  </action>
  <action id="NavBar-selectUp">
    <keyboard-shortcut first-keystroke="up" />
  </action>
  <action id="NewTab" />
  <action id="PopupMenu-selectPrevious">
    <keyboard-shortcut first-keystroke="up" />
  </action>
  <action id="SelectNextOccurrence">
    <keyboard-shortcut first-keystroke="alt j" />
  </action>
  <action id="SplitChooser.SplitTop">
    <keyboard-shortcut first-keystroke="up" />
  </action>
  <action id="Table-selectPreviousRow">
    <keyboard-shortcut first-keystroke="up" />
  </action>
  <action id="TodoViewGroupByShowPackages" />
  <action id="Tree-selectPrevious">
    <keyboard-shortcut first-keystroke="up" />
  </action>
  <action id="UsageGrouping.Directory" />
  <action id="UsageGrouping.Package" />
</keymap>